epoch,accuracy,loss,val_accuracy,val_loss
0,0.8358790874481201,0.4629068374633789,0.8987584710121155,0.3473047614097595
