global_acc,global_loss
0.5071892142295837,0.7408888339996338
0.9822447896003723,0.14571170508861542
0.983055055141449,0.09301996231079102
0.991864025592804,0.06688693910837173
