local_acc,local_loss
0.982282817363739,0.41265612840652466
0.9822662472724915,0.1487226039171219
0.9830699563026428,0.09108966588973999
0.9919020533561707,0.06599508970975876
