epoch,accuracy,loss,val_accuracy,val_loss
0,0.8828718066215515,0.34485742449760437,0.5756312012672424,0.531661868095398
