global_acc,global_loss
0.910121738910675,1.1668899059295654
