local_acc,local_loss
0.6657232642173767,3.374065399169922
