global_acc,global_loss
0.40757280588150024,5.828932762145996
