global_acc,global_loss
0.8453559875488281,1.2012425661087036
