epoch,accuracy,loss,val_accuracy,val_loss
0,0.7330460548400879,0.9903108477592468,0.8504647016525269,0.7654731273651123
1,0.8634403944015503,0.7104894518852234,0.9814419150352478,0.5320751667022705
