local_acc,local_loss
0.7327221035957336,1.4268720149993896
