global_acc,global_loss
0.7176409363746643,0.648722231388092
0.9997318387031555,0.03226242959499359
