local_acc,local_loss
0.9819853901863098,0.2721019387245178
0.9996955990791321,0.019281096756458282
