acc,loss
0.9994025230407715,0.026364965364336967
