global_acc,global_loss
0.3307468593120575,2.549912929534912
0.3307468593120575,2.538745641708374
0.3307468593120575,2.5236897468566895
0.3307468593120575,2.5049850940704346
0.3307468593120575,2.4831674098968506
