epoch,accuracy,loss,val_accuracy,val_loss
0,0.5237816572189331,2.499001979827881,0.317738801240921,2.5035505294799805
1,0.5216374397277832,2.492795705795288,0.317738801240921,2.498291492462158
2,0.5210526585578918,2.485036611557007,0.317738801240921,2.4927713871002197
3,0.5216374397277832,2.481025457382202,0.317738801240921,2.4868006706237793
