epoch,accuracy,loss,val_accuracy,val_loss
0,0.5278752446174622,2.5224130153656006,0.317738801240921,2.522745370864868
1,0.5331383943557739,2.515791654586792,0.317738801240921,2.518315315246582
2,0.5257309675216675,2.5104074478149414,0.317738801240921,2.5134596824645996
3,0.526900589466095,2.5000381469726562,0.317738801240921,2.5085926055908203
