epoch,accuracy,loss,val_accuracy,val_loss
0,0.5171539783477783,2.5494272708892822,0.317738801240921,2.5383028984069824
1,0.5157894492149353,2.548607349395752,0.317738801240921,2.5348005294799805
2,0.5175438523292542,2.5430400371551514,0.317738801240921,2.5310285091400146
3,0.515204668045044,2.5283310413360596,0.317738801240921,2.5270962715148926
