local_acc,local_loss
0.674102783203125,6.103417873382568
0.3307468593120575,2.5388295650482178
0.3307468593120575,2.523871421813965
0.3307468593120575,2.505077362060547
0.3307468593120575,2.4831390380859375
