global_acc,global_loss
0.6640139222145081,1.3276612758636475
0.9996600151062012,0.018740788102149963
0.9996267557144165,0.015792613849043846
