local_acc,local_loss
0.9840580224990845,0.09948369115591049
0.999749481678009,0.014598814770579338
0.9997596740722656,0.009271929040551186
