global_acc,global_loss
0.5842718482017517,3.3645248413085938
