global_acc,global_loss
0.5842718482017517,3.3645248413085938
0.05126705765724182,143.1181182861328
0.2996101379394531,116.08062744140625
0.15447470545768738,752.387451171875
0.07680311799049377,5987.46142578125
