global_acc,global_loss
0.7670983076095581,0.537466287612915
0.9997767806053162,0.0196339413523674
0.99989253282547,0.015069818124175072
