local_acc,local_loss
0.9936962723731995,0.06919670104980469
0.9997420310974121,0.02240191586315632
0.9997883439064026,0.018813885748386383
