global_acc,global_loss
0.05038910359144211,188.67225646972656
