global_acc,global_loss
0.05088711157441139,39.77189636230469
