epoch,accuracy,loss,val_accuracy,val_loss
0,0.48362573981285095,6.323581218719482,0.539961040019989,6.1166791915893555
1,0.4955165684223175,6.286405563354492,0.5536062121391296,6.105655670166016
2,0.49044835567474365,6.288224697113037,0.5614035129547119,6.093955993652344
3,0.4797270894050598,6.289503574371338,0.5575048923492432,6.081279754638672
