global_acc,global_loss
0.6692531704902649,2.477530002593994
0.6692531704902649,2.4464969635009766
0.6692531704902649,2.4177284240722656
0.6692531704902649,2.3904178142547607
0.6692531704902649,2.3639180660247803
