epoch,accuracy,loss,val_accuracy,val_loss
0,0.4931773841381073,2.4892525672912598,0.6822612285614014,2.3797731399536133
1,0.49824562668800354,2.4801793098449707,0.6822612285614014,2.3732571601867676
2,0.4978557527065277,2.4712367057800293,0.6822612285614014,2.3666863441467285
3,0.5011695623397827,2.4637441635131836,0.6822612285614014,2.3602519035339355
