epoch,accuracy,loss,val_accuracy,val_loss
0,0.4886939525604248,2.573030471801758,0.6822612285614014,2.4671006202697754
1,0.5025340914726257,2.5536248683929443,0.6822612285614014,2.459048271179199
2,0.4873294234275818,2.564579725265503,0.6822612285614014,2.451314687728882
3,0.48810917139053345,2.5531933307647705,0.6822612285614014,2.4435458183288574
