local_acc,local_loss
0.6692531704902649,6.149281978607178
0.6692531704902649,2.4465205669403076
0.6692531704902649,2.417785406112671
0.6692531704902649,2.3903729915618896
0.6692531704902649,2.364142656326294
