global_acc,global_loss
0.32976654171943665,2.6007020473480225
0.32976654171943665,2.6644885540008545
0.32976654171943665,2.712759017944336
0.32976654171943665,2.7411563396453857
0.32976654171943665,2.749199151992798
