epoch,accuracy,loss,val_accuracy,val_loss
0,0.4980506896972656,2.5883853435516357,0.3454894423484802,2.6099724769592285
1,0.49844053387641907,2.5756936073303223,0.3454894423484802,2.6254680156707764
2,0.49278751015663147,2.572014331817627,0.3454894423484802,2.6399271488189697
3,0.49278751015663147,2.5683674812316895,0.3454894423484802,2.6539528369903564
