epoch,accuracy,loss,val_accuracy,val_loss
0,0.5083820819854736,2.551535129547119,0.3454894423484802,2.6669211387634277
1,0.49727094173431396,2.5454511642456055,0.3454894423484802,2.679051399230957
2,0.5060428977012634,2.5336947441101074,0.3454894423484802,2.689724922180176
3,0.519298255443573,2.5247554779052734,0.3454894423484802,2.699176073074341
