epoch,accuracy,loss,val_accuracy,val_loss
0,0.5072124600410461,2.5193986892700195,0.3454894423484802,2.70744252204895
1,0.508966863155365,2.5160043239593506,0.3454894423484802,2.714724063873291
2,0.5058479309082031,2.5040581226348877,0.3454894423484802,2.720576286315918
3,0.4978557527065277,2.50498628616333,0.3454894423484802,2.7259297370910645
