local_acc,local_loss
0.32976654171943665,6.232440948486328
0.32976654171943665,2.6644413471221924
0.32976654171943665,2.712657928466797
0.32976654171943665,2.7413017749786377
0.32976654171943665,2.749148368835449
