global_acc,global_loss
0.664129912853241,0.6945785880088806
0.9995940923690796,0.019237294793128967
0.9995144009590149,0.013740193098783493
