local_acc,local_loss
0.9832175374031067,0.13867931067943573
0.9997354745864868,0.016036543995141983
0.9997571706771851,0.009782430715858936
