global_acc,global_loss
0.3317714035511017,0.6996315121650696
