local_acc,local_loss
0.9828406572341919,0.16443593800067902
