global_acc,global_loss
0.36750972270965576,13.161784172058105
