epoch,accuracy,loss,val_accuracy,val_loss
0,0.9141325354576111,0.3063347041606903,0.05426356568932533,5.915612697601318
1,0.971881091594696,0.12019000202417374,0.058800771832466125,11.296013832092285
2,0.8444931507110596,0.5615668296813965,0.05549132823944092,6.110334873199463
3,0.870076596736908,0.43348589539527893,0.05444015562534332,4.553632736206055
