global_acc,global_loss
0.32976654171943665,2.523624897003174
0.32976654171943665,2.5185890197753906
0.32976654171943665,2.509366273880005
0.32976654171943665,2.4954967498779297
0.32976654171943665,2.477055311203003
