epoch,accuracy,loss,val_accuracy,val_loss
0,0.5302144289016724,2.5218639373779297,0.3454894423484802,2.503817081451416
1,0.515204668045044,2.5271427631378174,0.3454894423484802,2.5001583099365234
2,0.5183236002922058,2.521399736404419,0.3454894423484802,2.4963574409484863
3,0.5286549925804138,2.500450611114502,0.3454894423484802,2.4925150871276855
