local_acc,local_loss
0.6702334880828857,6.138578414916992
0.32976654171943665,2.5182924270629883
0.32976654171943665,2.50907301902771
0.32976654171943665,2.4952335357666016
0.32976654171943665,2.4769201278686523
