global_acc,global_loss
0.06575875729322433,23.52890396118164
