global_acc,global_loss
0.06089494004845619,61.28241729736328
