global_acc,global_loss
0.6456310749053955,2.4829277992248535
0.6456310749053955,2.454577922821045
0.6456310749053955,2.426041841506958
0.6456310749053955,2.398226022720337
0.6456310749053955,2.3713581562042236
