epoch,accuracy,loss,val_accuracy,val_loss
0,0.4980506896972656,2.544992685317993,0.6471734642982483,2.4470291137695312
1,0.49473685026168823,2.53322696685791,0.6471734642982483,2.439915657043457
2,0.48245614767074585,2.538642644882202,0.6471734642982483,2.4326157569885254
3,0.4955165684223175,2.5232527256011963,0.6471734642982483,2.425611972808838
