local_acc,local_loss
0.6456310749053955,6.116940021514893
0.6456310749053955,2.4546477794647217
0.6456310749053955,2.4261093139648438
0.6456310749053955,2.398365020751953
0.6456310749053955,2.3713972568511963
