epoch,accuracy,loss,val_accuracy,val_loss
0,0.7977868914604187,0.5263048410415649,0.8919784426689148,0.35398930311203003
