global_acc,global_loss
0.06276803463697433,183.9432373046875
