global_acc,global_loss
0.6702334880828857,2.478882312774658
0.6702334880828857,2.4492909908294678
0.6702334880828857,2.4203734397888184
0.6702334880828857,2.3923237323760986
0.6702334880828857,2.3651621341705322
