epoch,accuracy,loss,val_accuracy,val_loss
0,0.49961012601852417,2.5708401203155518,0.6545105576515198,2.473921775817871
1,0.4900584816932678,2.5641298294067383,0.6545105576515198,2.466783046722412
2,0.4894736707210541,2.560030937194824,0.6545105576515198,2.459423303604126
3,0.4953216314315796,2.5461511611938477,0.6545105576515198,2.4522159099578857
