epoch,accuracy,loss,val_accuracy,val_loss
0,0.5054581165313721,2.4805727005004883,0.6545105576515198,2.389295816421509
1,0.506237804889679,2.4688241481781006,0.6545105576515198,2.3825843334198
2,0.4953216314315796,2.465426206588745,0.6545105576515198,2.3759469985961914
3,0.5044834017753601,2.46537709236145,0.6545105576515198,2.3693528175354004
