local_acc,local_loss
0.6702334880828857,6.107908248901367
0.6702334880828857,2.449220895767212
0.6702334880828857,2.420257568359375
0.6702334880828857,2.392141819000244
0.6702334880828857,2.3650572299957275
