global_acc,global_loss
0.6650601625442505,0.672369122505188
0.9998295307159424,0.014714800752699375
0.9997969269752502,0.007208355702459812
