local_acc,local_loss
0.9828105568885803,0.14285433292388916
0.9997062683105469,0.014678481966257095
0.9997534155845642,0.008555088192224503
