global_acc,global_loss
0.6508737802505493,0.5674433708190918
