local_acc,local_loss
0.9996830224990845,0.04140998795628548
