global_acc,global_loss
0.05369649827480316,47.40675354003906
