global_acc,global_loss
0.05984405428171158,23.63495635986328
