global_acc,global_loss
0.5986364483833313,0.6359277963638306
0.9997446537017822,0.010853019542992115
0.999790608882904,0.00698816915974021
