local_acc,local_loss
0.9996731877326965,0.046433646231889725
0.9997497797012329,0.011806683614850044
0.9997701644897461,0.007516469806432724
