epoch,accuracy,loss,val_accuracy,val_loss
0,0.5129821300506592,5.604378700256348,0.7627996206283569,4.745508193969727
1,0.566900908946991,4.249166011810303,0.7899085283279419,3.5755579471588135
