global_acc,global_loss
0.3543689250946045,2.4997668266296387
0.3543689250946045,2.4994211196899414
0.3543689250946045,2.490776777267456
0.3543689250946045,2.475645065307617
