epoch,accuracy,loss,val_accuracy,val_loss
0,0.5015594363212585,2.5467143058776855,0.3528265058994293,2.4981048107147217
1,0.5091617703437805,2.531886577606201,0.3528265058994293,2.4960739612579346
2,0.4976608157157898,2.5334208011627197,0.3528265058994293,2.493685007095337
3,0.48927876353263855,2.537832260131836,0.3528265058994293,2.4910495281219482
