epoch,accuracy,loss,val_accuracy,val_loss
0,0.49824562668800354,6.462110996246338,0.6471734642982483,6.188933372497559
1,0.489668607711792,6.456448078155518,0.6471734642982483,6.166115760803223
2,0.5007797479629517,6.4138288497924805,0.6471734642982483,6.146656513214111
3,0.4886939525604248,6.4419636726379395,0.6471734642982483,6.1294989585876465
