local_acc,local_loss
0.6456310749053955,6.1300787925720215
0.3543689250946045,2.4996187686920166
0.3543689250946045,2.4906938076019287
0.3543689250946045,2.4758119583129883
