global_acc,global_loss
0.7003305554389954,0.5204017758369446
