local_acc,local_loss
0.9997040033340454,0.043053966015577316
