global_acc,global_loss
0.3543689250946045,2.6061196327209473
0.3543689250946045,2.6554229259490967
0.3543689250946045,2.69254732131958
0.3543689250946045,2.713416576385498
0.3543689250946045,2.7176308631896973
