epoch,accuracy,loss,val_accuracy,val_loss
0,0.4933723211288452,2.584904670715332,0.3528265058994293,2.6193981170654297
1,0.5066276788711548,2.5700700283050537,0.3528265058994293,2.632110595703125
2,0.4945419132709503,2.5743789672851562,0.3528265058994293,2.6444239616394043
3,0.49844053387641907,2.559898853302002,0.3528265058994293,2.65615177154541
