epoch,accuracy,loss,val_accuracy,val_loss
0,0.5087719559669495,2.5185413360595703,0.3528265058994293,2.7006969451904297
1,0.4968810975551605,2.521306037902832,0.3528265058994293,2.706218957901001
2,0.48596492409706116,2.5220859050750732,0.3528265058994293,2.711540937423706
3,0.5226120948791504,2.4880564212799072,0.3528265058994293,2.714454174041748
