local_acc,local_loss
0.3543689250946045,6.215741157531738
0.3543689250946045,2.6553215980529785
0.3543689250946045,2.6926796436309814
0.3543689250946045,2.713160753250122
0.3543689250946045,2.717738389968872
