global_acc,global_loss
0.06439688801765442,44.774208068847656
