global_acc,global_loss
0.06439688801765442,44.774208068847656
0.05992217734456062,407.46490478515625
0.06510721147060394,968.8140258789062
0.06978557258844376,4885.98486328125
0.05700388923287392,1965.291015625
0.06089494004845619,96618.1953125
0.8808966875076294,7935.22509765625
0.8735922574996948,30569.765625
