global_acc,global_loss
0.5219087600708008,0.7489529252052307
0.9825829267501831,0.14495575428009033
0.9830993413925171,0.09502369165420532
0.9922718405723572,0.06917361915111542
