epoch,accuracy,loss,val_accuracy,val_loss
0,0.6752393245697021,4.283498764038086,0.962380588054657,2.5544650554656982
1,0.8582532405853271,1.6900509595870972,0.9818671345710754,0.8953414559364319
2,0.9449852705001831,0.6446780562400818,0.9823336601257324,0.3684597909450531
3,0.9714627265930176,0.3329273760318756,0.9824866056442261,0.22820037603378296
