local_acc,local_loss
0.9825880527496338,0.2281206101179123
0.9826366305351257,0.1314597874879837
0.9831709265708923,0.09049826860427856
0.9927064776420593,0.06710587441921234
