global_acc,global_loss
0.6645993590354919,0.6324997544288635
0.9838432669639587,0.03887955844402313
