local_acc,local_loss
0.9843980073928833,0.13012799620628357
0.999749481678009,0.01573256403207779
