epoch,accuracy,loss,val_accuracy,val_loss
0,0.8925926089286804,0.3596009612083435,0.07683397829532623,7.156998157501221
1,0.9742690324783325,0.11366211622953415,0.056988831609487534,14.343009948730469
2,0.8249512910842896,0.5818774700164795,0.06769826263189316,9.08266544342041
3,0.8711189031600952,0.4307401478290558,0.07276264578104019,6.7318549156188965
