global_acc,global_loss
0.756117582321167,0.503201961517334
0.9996088743209839,0.018916195258498192
0.9996727705001831,0.013305851258337498
