local_acc,local_loss
0.9997187852859497,0.041018929332494736
0.9997673630714417,0.01223484892398119
0.9998363852500916,0.008350502699613571
