global_acc,global_loss
0.3307468593120575,2.662226676940918
0.3307468593120575,2.710275411605835
0.3307468593120575,2.7431859970092773
0.3307468593120575,2.7587671279907227
0.3307468593120575,2.7573044300079346
