epoch,accuracy,loss,val_accuracy,val_loss
0,0.5068225860595703,2.5228657722473145,0.317738801240921,2.761837959289551
1,0.49707603454589844,2.5216407775878906,0.317738801240921,2.7664337158203125
2,0.5031189322471619,2.5108063220977783,0.317738801240921,2.770087718963623
3,0.5035087466239929,2.507056713104248,0.317738801240921,2.7725019454956055
