epoch,accuracy,loss,val_accuracy,val_loss
0,0.4906432628631592,6.393027305603027,0.4736842215061188,6.205322265625
1,0.502729058265686,6.378299713134766,0.317738801240921,6.214165210723877
2,0.4929824471473694,6.379276752471924,0.317738801240921,6.219885349273682
3,0.4964912235736847,6.3538055419921875,0.317738801240921,6.223175048828125
