local_acc,local_loss
0.3307468593120575,6.219357490539551
0.3307468593120575,2.7100746631622314
0.3307468593120575,2.7431793212890625
0.3307468593120575,2.7582483291625977
0.3307468593120575,2.7571349143981934
