global_acc,global_loss
0.6497975587844849,0.6596189141273499
0.9896031618118286,0.08854682743549347
0.9960319995880127,0.05716085433959961
