local_acc,local_loss
0.989410400390625,0.10318538546562195
0.989577054977417,0.07517879456281662
0.9950900077819824,0.04966197535395622
