epoch,accuracy,loss,val_accuracy,val_loss
0,0.7702047228813171,0.6037143468856812,0.7538550496101379,0.931390106678009
