epoch,accuracy,loss,val_accuracy,val_loss
0,0.9015078544616699,0.2925547957420349,0.7550122737884521,2.1661229133605957
