epoch,accuracy,loss,val_accuracy,val_loss
0,0.8988304138183594,0.3437749743461609,0.07814313471317291,6.217392444610596
1,0.9706627726554871,0.1283334642648697,0.08906249701976776,12.468396186828613
2,0.8262670636177063,0.5916093587875366,0.049808427691459656,7.862016677856445
3,0.8707602620124817,0.43874478340148926,0.07354085892438889,5.462833404541016
