global_acc,global_loss
0.664129912853241,0.6653668880462646
0.9996919631958008,0.01833410933613777
0.9996376037597656,0.015574204735457897
