local_acc,local_loss
0.982768177986145,0.2648535370826721
0.9997463226318359,0.018350791186094284
0.9997463226318359,0.010886888019740582
