global_acc,global_loss
0.07029126584529877,61.36763381958008
