global_acc,global_loss
0.3543689250946045,2.651033401489258
0.3543689250946045,2.687464714050293
0.3543689250946045,2.712538957595825
0.3543689250946045,2.7247681617736816
0.3543689250946045,2.7262156009674072
