epoch,accuracy,loss,val_accuracy,val_loss
0,0.4828459918498993,2.6059532165527344,0.3528265058994293,2.6955668926239014
1,0.48362573981285095,2.586754083633423,0.3528265058994293,2.7023987770080566
2,0.48810917139053345,2.5839436054229736,0.3528265058994293,2.708643913269043
3,0.4873294234275818,2.582270383834839,0.3528265058994293,2.7137198448181152
