local_acc,local_loss
0.3543689250946045,6.2679762840271
0.3543689250946045,2.6869966983795166
0.3543689250946045,2.712538957595825
0.3543689250946045,2.725034713745117
0.3543689250946045,2.7263221740722656
