global_acc,global_loss
0.7721630930900574,0.643223226070404
0.9691517949104309,0.13373622298240662
0.9711781144142151,0.07790433615446091
0.9987965822219849,0.052953481674194336
