local_acc,local_loss
0.9688723087310791,0.22366367280483246
0.9859293699264526,0.11711191385984421
0.9994927644729614,0.07203260064125061
0.9996092319488525,0.05223773419857025
