global_acc,global_loss
0.06861598789691925,80.58697509765625
