epoch,accuracy,loss,val_accuracy,val_loss
0,0.49707603454589844,6.445563793182373,0.5925925970077515,6.225826740264893
1,0.48908382654190063,6.4471330642700195,0.6822612285614014,6.203855037689209
2,0.5007797479629517,6.419552803039551,0.6822612285614014,6.185231685638428
3,0.48343080282211304,6.428977966308594,0.6822612285614014,6.168044090270996
