global_acc,global_loss
0.0474708154797554,64.25984954833984
