global_acc,global_loss
0.049320388585329056,53.48986053466797
