global_acc,global_loss
0.049320388585329056,53.48986053466797
0.051072124391794205,160.4354248046875
0.05087719112634659,662.658447265625
0.05426356568932533,1940.1817626953125
0.07017543911933899,2485.501708984375
0.08151751011610031,10868.220703125
0.1284046620130539,26233.484375
0.08796116709709167,55115.515625
