global_acc,global_loss
0.4607580602169037,0.7930770516395569
0.999700665473938,0.017155591398477554
0.9999024271965027,0.01348499022424221
