epoch,accuracy,loss,val_accuracy,val_loss
0,0.9947874546051025,0.043977998197078705,0.9997875094413757,0.0161088015884161
1,0.996594250202179,0.040081851184368134,0.9997875094413757,0.016358768567442894
