local_acc,local_loss
0.9997238516807556,0.03969036042690277
0.9997172355651855,0.021283702924847603
0.9997684955596924,0.0176846906542778
