global_acc,global_loss
0.6636469960212708,1.1518594026565552
