local_acc,local_loss
0.7864521741867065,2.5189080238342285
