epoch,accuracy,loss,val_accuracy,val_loss
0,0.9245256185531616,0.22927893698215485,0.8960646986961365,0.3697325885295868
