global_acc,global_loss
0.8873100876808167,0.7052931189537048
0.982210099697113,0.15130247175693512
0.9826159477233887,0.09994033724069595
0.9912227988243103,0.07390066981315613
