local_acc,local_loss
0.9817208647727966,0.39673835039138794
0.981999933719635,0.15925921499729156
0.9824927449226379,0.10659154504537582
0.9910814762115479,0.07829888164997101
