global_acc,global_loss
0.3307468593120575,2.5224170684814453
0.3307468593120575,2.514643669128418
0.3307468593120575,2.5017473697662354
0.3307468593120575,2.4841926097869873
