epoch,accuracy,loss,val_accuracy,val_loss
0,0.5136452317237854,2.505849838256836,0.317738801240921,2.5012855529785156
1,0.48596492409706116,2.517430067062378,0.317738801240921,2.4972481727600098
2,0.5052631497383118,2.5050833225250244,0.317738801240921,2.492877721786499
3,0.5083820819854736,2.491192579269409,0.317738801240921,2.4880220890045166
