epoch,accuracy,loss,val_accuracy,val_loss
0,0.4908381998538971,2.5539700984954834,0.317738801240921,2.5152766704559326
1,0.4957115054130554,2.5403225421905518,0.317738801240921,2.512265920639038
2,0.4990253448486328,2.5338828563690186,0.317738801240921,2.50915789604187
3,0.5,2.5269787311553955,0.317738801240921,2.505309820175171
