local_acc,local_loss
0.3307468593120575,6.287026882171631
0.3307468593120575,2.514573574066162
0.3307468593120575,2.501760721206665
0.3307468593120575,2.4842700958251953
