global_acc,global_loss
0.336378812789917,1.634935975074768
