local_acc,local_loss
0.999728798866272,0.06455753743648529
