global_acc,global_loss
0.734143853187561,0.6146989464759827
0.9843366146087646,0.11180821061134338
0.9849884510040283,0.07141024619340897
0.9935733079910278,0.05202837288379669
