local_acc,local_loss
0.9835019707679749,0.5784052014350891
0.9842014908790588,0.13337144255638123
0.9847698211669922,0.08402305841445923
0.9938475489616394,0.05882477015256882
