epoch,accuracy,loss,val_accuracy,val_loss
0,0.9936851263046265,0.10245268791913986,NA,NA
