epoch,accuracy,loss,val_accuracy,val_loss
0,0.4544595777988434,1.387277364730835,0.4395762085914612,4.129520893096924
1,0.4773414433002472,1.3258816003799438,0.4274580180644989,4.645547389984131
