epoch,accuracy,loss,val_accuracy,val_loss
0,0.9884467124938965,0.046842992305755615,0.9998312592506409,0.0031996299512684345
