epoch,accuracy,loss,val_accuracy,val_loss
0,0.5074935555458069,0.0,0.335399866104126,0.0
