epoch,accuracy,loss,val_accuracy,val_loss
0,0.9459530711174011,0.3321700096130371,0.9999539256095886,0.026284176856279373
