epoch,accuracy,loss,val_accuracy,val_loss
0,0.9800845980644226,0.09578373283147812,0.999775230884552,0.00497725373134017
