epoch,accuracy,loss,val_accuracy,val_loss
0,0.9897624254226685,0.05741472542285919,0.999875545501709,0.0024549185764044523
