epoch,accuracy,loss,val_accuracy,val_loss
0,0.9896805882453918,0.0620703399181366,0.9999821186065674,0.002240333938971162
