epoch,accuracy,loss,val_accuracy,val_loss
0,0.43989723920822144,1.4297926425933838,0.4417119026184082,1.722540020942688
1,0.4665735960006714,1.36245596408844,0.42617157101631165,1.7350549697875977
