epoch,accuracy,loss,val_accuracy,val_loss
0,0.9923704862594604,0.044689930975437164,0.9998764395713806,0.0008922235574573278
