epoch,accuracy,loss,val_accuracy,val_loss
0,0.44120481610298157,1.4419069290161133,0.41271212697029114,6.700714588165283
