epoch,accuracy,loss,val_accuracy,val_loss
0,0.9880834817886353,0.19828997552394867,0.9998760223388672,0.0011043325066566467
