epoch,accuracy,loss,val_accuracy,val_loss
0,0.43603384494781494,1.651510238647461,0.4390805661678314,1.5639218091964722
