epoch,accuracy,loss,val_accuracy,val_loss
0,0.4585954546928406,1.3922184705734253,0.2944560945034027,1.8566280603408813
