global_acc,global_loss
0.32976654171943665,2.5018081665039062
0.32976654171943665,2.5002541542053223
0.32976654171943665,2.4920291900634766
