epoch,accuracy,loss,val_accuracy,val_loss
0,0.4974658787250519,2.545969009399414,0.3454894423484802,2.4968862533569336
1,0.4929824471473694,2.541872978210449,0.3454894423484802,2.4944465160369873
2,0.4945419132709503,2.5376851558685303,0.3454894423484802,2.4917569160461426
3,0.5066276788711548,2.517075300216675,0.3454894423484802,2.4892849922180176
