local_acc,local_loss
0.32976654171943665,6.194147109985352
0.32976654171943665,2.5001237392425537
0.32976654171943665,2.491912603378296
