global_acc,global_loss
0.03313840180635452,46.99400329589844
