global_acc,global_loss
0.3307468593120575,2.627323865890503
0.3307468593120575,2.6763761043548584
0.3307468593120575,2.7126753330230713
0.3307468593120575,2.73353910446167
0.3307468593120575,2.740056276321411
