epoch,accuracy,loss,val_accuracy,val_loss
0,0.4783625602722168,2.627532720565796,0.317738801240921,2.647134780883789
1,0.47816765308380127,2.627981185913086,0.317738801240921,2.6604623794555664
2,0.48226121068000793,2.6185951232910156,0.317738801240921,2.6730310916900635
3,0.4684210419654846,2.615157127380371,0.317738801240921,2.6848487854003906
