local_acc,local_loss
0.3307468593120575,6.181894302368164
0.3307468593120575,2.6761279106140137
0.3307468593120575,2.7125587463378906
0.3307468593120575,2.733515501022339
0.3307468593120575,2.7396984100341797
