epoch,accuracy,loss,val_accuracy,val_loss
0,0.8247095346450806,0.465701162815094,0.9099552631378174,0.23639284074306488
1,0.9251003861427307,0.21475805342197418,0.9280776381492615,0.1691693365573883
