global_acc,global_loss
0.0522330105304718,80.95557403564453
