epoch,accuracy,loss,val_accuracy,val_loss
0,0.8104795217514038,0.5142361521720886,0.8331380486488342,0.3780003488063812
1,0.858630359172821,0.38748618960380554,0.8791772127151489,0.3111552596092224
