global_acc,global_loss
0.33165109157562256,1.373862862586975
0.9994812607765198,0.01126919686794281
0.9997994303703308,0.007006623782217503
