epoch,accuracy,loss,val_accuracy,val_loss
0,0.9992573261260986,0.0090189753100276,0.9998619556427002,0.005937306676059961
1,0.999381422996521,0.008239108137786388,0.9998915195465088,0.0054865023121237755
