local_acc,local_loss
0.9998027682304382,0.02331957034766674
0.9997812509536743,0.009138655848801136
0.9998342394828796,0.006217077374458313
