global_acc,global_loss
0.049250535666942596,53.61656188964844
