global_acc,global_loss
0.32976654171943665,2.6336312294006348
0.32976654171943665,2.6862525939941406
0.32976654171943665,2.7235097885131836
0.32976654171943665,2.7447922229766846
0.32976654171943665,2.751032829284668
