epoch,accuracy,loss,val_accuracy,val_loss
0,0.49278751015663147,6.41532039642334,0.3454894423484802,6.185750484466553
1,0.4998050630092621,6.390291690826416,0.3454894423484802,6.182939529418945
2,0.4894736707210541,6.384485244750977,0.3454894423484802,6.182096004486084
3,0.5068225860595703,6.36661958694458,0.3454894423484802,6.180931091308594
