epoch,accuracy,loss,val_accuracy,val_loss
0,0.476023405790329,2.600468397140503,0.3454894423484802,2.6856799125671387
1,0.47582846879959106,2.5967729091644287,0.3454894423484802,2.6949806213378906
2,0.4962962865829468,2.580731153488159,0.3454894423484802,2.7034549713134766
3,0.4929824471473694,2.5767934322357178,0.3454894423484802,2.7105636596679688
