epoch,accuracy,loss,val_accuracy,val_loss
0,0.4844054579734802,2.5757389068603516,0.3454894423484802,2.716510772705078
1,0.4884990155696869,2.566333532333374,0.3454894423484802,2.7222609519958496
2,0.5019493103027344,2.5500850677490234,0.3454894423484802,2.7267045974731445
3,0.492397665977478,2.554147958755493,0.3454894423484802,2.73000431060791
