local_acc,local_loss
0.32976654171943665,6.185298442840576
0.32976654171943665,2.68672776222229
0.32976654171943665,2.7236599922180176
0.32976654171943665,2.744624137878418
0.32976654171943665,2.7510251998901367
