epoch,accuracy,loss,val_accuracy,val_loss
0,0.4918128550052643,6.430147647857666,0.317738801240921,6.224819183349609
1,0.4992202818393707,6.408357620239258,0.317738801240921,6.220252990722656
2,0.5054581165313721,6.397185802459717,0.317738801240921,6.213856220245361
3,0.5025340914726257,6.3884358406066895,0.317738801240921,6.205996513366699
