global_acc,global_loss
0.6456310749053955,2.514068126678467
0.3543689250946045,2.5113048553466797
0.3543689250946045,2.503401279449463
0.3543689250946045,2.4902069568634033
0.3543689250946045,2.4720892906188965
