epoch,accuracy,loss,val_accuracy,val_loss
0,0.5315789580345154,2.539135456085205,0.3528265058994293,2.5102195739746094
1,0.5169590711593628,2.547323226928711,0.3528265058994293,2.5083324909210205
2,0.529629647731781,2.52585768699646,0.3528265058994293,2.5063953399658203
3,0.5150097608566284,2.5370051860809326,0.3528265058994293,2.5041251182556152
