epoch,accuracy,loss,val_accuracy,val_loss
0,0.5200779438018799,2.5013957023620605,0.3528265058994293,2.486879825592041
1,0.5339181423187256,2.484260320663452,0.3528265058994293,2.4825990200042725
2,0.5354775786399841,2.482637643814087,0.3528265058994293,2.478060007095337
3,0.5391812920570374,2.4767227172851562,0.3528265058994293,2.4731650352478027
