local_acc,local_loss
0.3543689250946045,6.1837263107299805
0.3543689250946045,2.511539936065674
0.3543689250946045,2.5035674571990967
0.3543689250946045,2.490312099456787
0.3543689250946045,2.47221302986145
