epoch,accuracy,loss,val_accuracy,val_loss
0,0.9823691248893738,0.054021187126636505,0.7018327713012695,3.1492526531219482
1,0.9817507266998291,0.0569545142352581,0.7017986178398132,2.1755499839782715
