epoch,accuracy,loss,val_accuracy,val_loss
0,0.9934410452842712,0.02466738410294056,0.45292845368385315,206.9685516357422
1,0.9938696026802063,0.023156747221946716,0.3109073340892792,3586.437744140625
