epoch,accuracy,loss,val_accuracy,val_loss
0,0.9995421767234802,0.003796241246163845,0.6943961381912231,13.458711624145508
1,0.9718518853187561,0.08300323039293289,0.9766309857368469,69.7965087890625
