epoch,accuracy,loss,val_accuracy,val_loss
0,0.992058277130127,0.03234979510307312,0.9927034974098206,0.07161466777324677
0,0.999973714351654,0.00020631896040868014,0.999976634979248,0.00013734302774537355
