epoch,accuracy,loss,val_accuracy,val_loss
0,0.9964084625244141,0.01856863498687744,0.6912218928337097,3.117110252380371
