epoch,accuracy,loss,val_accuracy,val_loss
0,0.9893395900726318,0.20474441349506378,0.9999700784683228,0.00042953554657287896
