epoch,accuracy,loss,val_accuracy,val_loss
0,0.9899882078170776,0.04149540513753891,0.9999439120292664,0.0005305244703777134
