epoch,accuracy,loss,val_accuracy,val_loss
0,0.543915867805481,1.3766337633132935,0.36037003993988037,1.611602783203125
1,0.5658428072929382,1.2889541387557983,0.14472289383411407,2.1046700477600098
