epoch,accuracy,loss,val_accuracy,val_loss
0,0.960395097732544,0.11868543922901154,0.5183196663856506,1.881221890449524
1,0.9674646854400635,0.10328986495733261,0.3386998176574707,3.4168174266815186
