epoch,accuracy,loss,val_accuracy,val_loss
0,0.7476328611373901,0.7053475975990295,0.4947270154953003,1.8837356567382812
