epoch,accuracy,loss,val_accuracy,val_loss
0,0.5829182863235474,3.9307358264923096,0.8630298376083374,1.976855993270874
1,0.7765192985534668,1.2399317026138306,0.9822837114334106,0.46486696600914
2,0.8513257503509521,0.5457796454429626,0.9827655553817749,0.2210489809513092
3,0.8821194767951965,0.40163058042526245,0.9832141995429993,0.1389002650976181
4,0.9086894392967224,0.3204383850097656,0.9928832650184631,0.09129118919372559
5,0.9355564713478088,0.2585448622703552,0.9997310638427734,0.06194396689534187
